INSERT INTO [dbo].[Areas] ([Id], [Name]) VALUES (N'1', N'TP.Hồ Chí Minh')
INSERT INTO [dbo].[Areas] ([Id], [Name]) VALUES (N'2', N'TP.Cần Thơ')

INSERT INTO [dbo].[Authorizes] ([Id], [Name]) VALUES (N'BinhLuanDanhGia', N'Bình luận đánh giá')
INSERT INTO [dbo].[Authorizes] ([Id], [Name]) VALUES (N'QLDonHang', N'Quản lý đơn hàng')
INSERT INTO [dbo].[Authorizes] ([Id], [Name]) VALUES (N'QLGioHang', N'Quản Lý giỏ hàng')
INSERT INTO [dbo].[Authorizes] ([Id], [Name]) VALUES (N'QLKhachHang', N'Quản lý khách hàng')
INSERT INTO [dbo].[Authorizes] ([Id], [Name]) VALUES (N'QLNhanVien', N'Quản lý nhân viên')
INSERT INTO [dbo].[Authorizes] ([Id], [Name]) VALUES (N'QLSanPham', N'Quản lý sản phẩm')
INSERT INTO [dbo].[Authorizes] ([Id], [Name]) VALUES (N'QLThongKe', N'Quản Lý thống kê')
INSERT INTO [dbo].[Authorizes] ([Id], [Name]) VALUES (N'QuanTri', N'Quản trị')
INSERT INTO [dbo].[Authorizes] ([Id], [Name]) VALUES (N'XemDonHang', N'Xem đơn hàng')
INSERT INTO [dbo].[Authorizes] ([Id], [Name]) VALUES (N'XemSP', N'Xem sản phẩm')

INSERT INTO [dbo].[Users] ([Id], [Name]) VALUES (N'1', N'Admin')
INSERT INTO [dbo].[Users] ([Id], [Name]) VALUES (N'2', N'Manager')
INSERT INTO [dbo].[Users] ([Id], [Name]) VALUES (N'3', N'Employee')
INSERT INTO [dbo].[Users] ([Id], [Name]) VALUES (N'4', N'Customer')


INSERT INTO [dbo].[User_Authorize] ([UserId], [AuthorizeId], [Note]) VALUES (N'1', N'QLDonHang', NULL)
INSERT INTO [dbo].[User_Authorize] ([UserId], [AuthorizeId], [Note]) VALUES (N'1', N'QLGioHang', NULL)
INSERT INTO [dbo].[User_Authorize] ([UserId], [AuthorizeId], [Note]) VALUES (N'1', N'QLKhachHang', NULL)
INSERT INTO [dbo].[User_Authorize] ([UserId], [AuthorizeId], [Note]) VALUES (N'1', N'QLNhanVien', NULL)
INSERT INTO [dbo].[User_Authorize] ([UserId], [AuthorizeId], [Note]) VALUES (N'1', N'QLSanPham', NULL)
INSERT INTO [dbo].[User_Authorize] ([UserId], [AuthorizeId], [Note]) VALUES (N'1', N'QLThongKe', NULL)
INSERT INTO [dbo].[User_Authorize] ([UserId], [AuthorizeId], [Note]) VALUES (N'1', N'QuanTri', NULL)
INSERT INTO [dbo].[User_Authorize] ([UserId], [AuthorizeId], [Note]) VALUES (N'1', N'XemDonHang', NULL)
INSERT INTO [dbo].[User_Authorize] ([UserId], [AuthorizeId], [Note]) VALUES (N'1', N'XemSP', NULL)
INSERT INTO [dbo].[User_Authorize] ([UserId], [AuthorizeId], [Note]) VALUES (N'2', N'QLDonHang', NULL)
INSERT INTO [dbo].[User_Authorize] ([UserId], [AuthorizeId], [Note]) VALUES (N'2', N'QLGioHang', NULL)
INSERT INTO [dbo].[User_Authorize] ([UserId], [AuthorizeId], [Note]) VALUES (N'2', N'QLKhachHang', NULL)
INSERT INTO [dbo].[User_Authorize] ([UserId], [AuthorizeId], [Note]) VALUES (N'2', N'QLNhanVien', NULL)
INSERT INTO [dbo].[User_Authorize] ([UserId], [AuthorizeId], [Note]) VALUES (N'2', N'QLSanPham', NULL)
INSERT INTO [dbo].[User_Authorize] ([UserId], [AuthorizeId], [Note]) VALUES (N'2', N'QLThongKe', NULL)
INSERT INTO [dbo].[User_Authorize] ([UserId], [AuthorizeId], [Note]) VALUES (N'2', N'XemDonHang', NULL)
INSERT INTO [dbo].[User_Authorize] ([UserId], [AuthorizeId], [Note]) VALUES (N'2', N'XemSP', NULL)
INSERT INTO [dbo].[User_Authorize] ([UserId], [AuthorizeId], [Note]) VALUES (N'3', N'QLDonHang', NULL)
INSERT INTO [dbo].[User_Authorize] ([UserId], [AuthorizeId], [Note]) VALUES (N'3', N'QLGioHang', NULL)
INSERT INTO [dbo].[User_Authorize] ([UserId], [AuthorizeId], [Note]) VALUES (N'3', N'QLKhachHang', NULL)
INSERT INTO [dbo].[User_Authorize] ([UserId], [AuthorizeId], [Note]) VALUES (N'3', N'QLSanPham', NULL)
INSERT INTO [dbo].[User_Authorize] ([UserId], [AuthorizeId], [Note]) VALUES (N'3', N'XemDonHang', NULL)
INSERT INTO [dbo].[User_Authorize] ([UserId], [AuthorizeId], [Note]) VALUES (N'3', N'XemSP', NULL)
INSERT INTO [dbo].[User_Authorize] ([UserId], [AuthorizeId], [Note]) VALUES (N'4', N'QLGioHang', NULL)
INSERT INTO [dbo].[User_Authorize] ([UserId], [AuthorizeId], [Note]) VALUES (N'4', N'XemDonHang', NULL)
INSERT INTO [dbo].[User_Authorize] ([UserId], [AuthorizeId], [Note]) VALUES (N'4', N'XemSP', NULL)


INSERT INTO [dbo].[Categories] ([Id], [Name]) VALUES (N'1', N'RAU 4K')
INSERT INTO [dbo].[Categories] ([Id], [Name]) VALUES (N'2', N'ĐỒ UỐNG')
INSERT INTO [dbo].[Categories] ([Id], [Name]) VALUES (N'3', N'SỮA')
INSERT INTO [dbo].[Categories] ([Id], [Name]) VALUES (N'4', N'BÁNH KẸO')
INSERT INTO [dbo].[Categories] ([Id], [Name]) VALUES (N'5', N'GẠO, THỰC PHẨM KHÔ')
INSERT INTO [dbo].[Categories] ([Id], [Name]) VALUES (N'6', N'ĐỒ DÙNG GIA ĐÌNH')
INSERT INTO [dbo].[Categories] ([Id], [Name]) VALUES (N'7', N'ĐỒ ĐÔNG LẠNH')
INSERT INTO [dbo].[Categories] ([Id], [Name]) VALUES (N'8', N'CHĂM SÓC CÁ NHÂN')

INSERT INTO [dbo].[Classifies] ([Id], [Name], [CategoryId]) VALUES (N'1', N'Nước ngọt, nước trà', N'2')
INSERT INTO [dbo].[Classifies] ([Id], [Name], [CategoryId]) VALUES (N'10', N'Ngũ cốc, yến mạch', N'5')
INSERT INTO [dbo].[Classifies] ([Id], [Name], [CategoryId]) VALUES (N'11', N'Đồ dùng nhà bếp', N'6')
INSERT INTO [dbo].[Classifies] ([Id], [Name], [CategoryId]) VALUES (N'12', N'Túi đựng rác', N'6')
INSERT INTO [dbo].[Classifies] ([Id], [Name], [CategoryId]) VALUES (N'13', N'Tô, chén, ly', N'6')
INSERT INTO [dbo].[Classifies] ([Id], [Name], [CategoryId]) VALUES (N'14', N'Hộp đựng thực phẩm', N'6')
INSERT INTO [dbo].[Classifies] ([Id], [Name], [CategoryId]) VALUES (N'15', N'Cá, gà, mực viên', N'7')
INSERT INTO [dbo].[Classifies] ([Id], [Name], [CategoryId]) VALUES (N'16', N'Kim chi, dưa muối', N'7')
INSERT INTO [dbo].[Classifies] ([Id], [Name], [CategoryId]) VALUES (N'17', N'Thực phẩm chế biến sẵn', N'7')
INSERT INTO [dbo].[Classifies] ([Id], [Name], [CategoryId]) VALUES (N'18', N'Khăn giấy, khăn ướt', N'8')
INSERT INTO [dbo].[Classifies] ([Id], [Name], [CategoryId]) VALUES (N'19', N'Dầu gội, dầu xả', N'8')
INSERT INTO [dbo].[Classifies] ([Id], [Name], [CategoryId]) VALUES (N'2', N'Cà phê, trà khô', N'2')
INSERT INTO [dbo].[Classifies] ([Id], [Name], [CategoryId]) VALUES (N'20', N'Sữa tắm, xà bông cục', N'8')
INSERT INTO [dbo].[Classifies] ([Id], [Name], [CategoryId]) VALUES (N'21', N'Lăn xịt khử mùi', N'8')
INSERT INTO [dbo].[Classifies] ([Id], [Name], [CategoryId]) VALUES (N'3', N'Nước yến', N'2')
INSERT INTO [dbo].[Classifies] ([Id], [Name], [CategoryId]) VALUES (N'4', N'Sữa tươi', N'3')
INSERT INTO [dbo].[Classifies] ([Id], [Name], [CategoryId]) VALUES (N'5', N'Sữa chua', N'3')
INSERT INTO [dbo].[Classifies] ([Id], [Name], [CategoryId]) VALUES (N'6', N'Sữa đặc', N'3')
INSERT INTO [dbo].[Classifies] ([Id], [Name], [CategoryId]) VALUES (N'7', N'Sữa bột', N'4')
INSERT INTO [dbo].[Classifies] ([Id], [Name], [CategoryId]) VALUES (N'8', N'Gạo', N'5')
INSERT INTO [dbo].[Classifies] ([Id], [Name], [CategoryId]) VALUES (N'9', N'Đồ hộp', N'5')

INSERT INTO [dbo].[Employees] ([Id], [Name], [Password], [Email], [PhoneNumber], [ManagerId], [AdminId], [UserId], [Salary]) VALUES (N'1', N'Đào Thị Tuyết', N'daothi', N'thituyet@gmail.com', N'0976448593', N'', N'', N'1', 40000)
INSERT INTO [dbo].[Employees] ([Id], [Name], [Password], [Email], [PhoneNumber], [ManagerId], [AdminId], [UserId], [Salary]) VALUES (N'10', N'Trần Anh Nhã', N'anhnhaa', N'anhnhat@gmail.com', N'0901453276', N'2', N'1', N'3', 22000)
INSERT INTO [dbo].[Employees] ([Id], [Name], [Password], [Email], [PhoneNumber], [ManagerId], [AdminId], [UserId], [Salary]) VALUES (N'2', N'Trần Minh Hải', N'tranhai', N'haicute@gmail.com', N'0903748334', N'', N'1', N'2', 30000)
INSERT INTO [dbo].[Employees] ([Id], [Name], [Password], [Email], [PhoneNumber], [ManagerId], [AdminId], [UserId], [Salary]) VALUES (N'3', N'Nguyễn Thị Hoa', N'hoathi', N'nguyenhoa123@gmail.com', N'0905920355', N'2', N'1', N'3', 24000)
INSERT INTO [dbo].[Employees] ([Id], [Name], [Password], [Email], [PhoneNumber], [ManagerId], [AdminId], [UserId], [Salary]) VALUES (N'4', N'Lê Ánh Tuyết', N'anhtuyet', N'tuyettinh@gmail.com', N'0901223794', N'2', N'1', N'3', 22000)
INSERT INTO [dbo].[Employees] ([Id], [Name], [Password], [Email], [PhoneNumber], [ManagerId], [AdminId], [UserId], [Salary]) VALUES (N'5', N'Bùi Vinh Hảo', N'haohao', N'hao123@gmail.com', N'0901453794', N'', N'1', N'2', 30000)
INSERT INTO [dbo].[Employees] ([Id], [Name], [Password], [Email], [PhoneNumber], [ManagerId], [AdminId], [UserId], [Salary]) VALUES (N'6', N'Trần Thiên Thư', N'thienthu', N'thuthien@gmail.com', N'0998453794', N'5', N'1', N'3', 24000)
INSERT INTO [dbo].[Employees] ([Id], [Name], [Password], [Email], [PhoneNumber], [ManagerId], [AdminId], [UserId], [Salary]) VALUES (N'7', N'Hồ Hoàng Minh Ái', N'aiminh', N'hoai@gmail.com', N'0977453794', N'5', N'1', N'3', 24000)
INSERT INTO [dbo].[Employees] ([Id], [Name], [Password], [Email], [PhoneNumber], [ManagerId], [AdminId], [UserId], [Salary]) VALUES (N'8', N'Bác Ý Nhi', N'ynhi1', N'ynhib@gmail.com', N'0901231794', N'5', N'1', N'3', 22000)
INSERT INTO [dbo].[Employees] ([Id], [Name], [Password], [Email], [PhoneNumber], [ManagerId], [AdminId], [UserId], [Salary]) VALUES (N'9', N'Hoàng Minh Thiên Nhật', N'thienthien', N'nhatthien@gmail.com', N'0901453724', N'5', N'1', N'3', 22000)


INSERT INTO [dbo].[Branches] ([Id], [Name], [Address], [AreaId]) VALUES (N'1', N'Chi nhánh 1', N'Số 581 và 583 Kha Vạn Cân, Phường Linh Đông, Quận Thủ Đức, TP.HCM', N'1')
INSERT INTO [dbo].[Branches] ([Id], [Name], [Address], [AreaId]) VALUES (N'2', N'Chi nhánh 2', N'Ấp Trường Ninh 1, Xã Trường Xuân A, Huyện Thới La', N'2')

INSERT INTO [dbo].[Customers] ([Id], [Name], [Password], [PhoneNumber], [State], [City], [Address], [Points], [Member], [Email], [UserId]) VALUES (N'2', N'Linh', N'123', N'123', N'Miền Nam', N'TPHCM', N'Quận 9', 0, 1, N'18110146@student.hcmute.edu.vn', N'4')

INSERT INTO [dbo].[Providers] ([Id], [Name], [Address], [PhoneNumber]) VALUES (N'1', N'Thực Phẩm Đồng Xanh', N'34/23 Hoàng Ngọc Phách P. Phú Thọ Hòa Quận Tân Phú', N'0936685268')
INSERT INTO [dbo].[Providers] ([Id], [Name], [Address], [PhoneNumber]) VALUES (N'2', N'Thực Phẩm Duy Anh', N'368/4 Tỉnh Lộ 15, Ấp Bến Cỏ, Phú Hòa Đông, Tp. Hồ Chí Minh', N'0903 646 487')
INSERT INTO [dbo].[Providers] ([Id], [Name], [Address], [PhoneNumber]) VALUES (N'3', N'San Hà Food', N'Số 951 Tạ Quang Bửu, P. 6, Q. 8, Tp. Hồ Chí Minh', N'0909.884.159')
INSERT INTO [dbo].[Providers] ([Id], [Name], [Address], [PhoneNumber]) VALUES (N'4', N'Xuất Nhập Khẩu Ngọc Liên', N'72 Trần Tấn, P. Tân Sơn Nhì, Q. Tân Phú, Tp. Hồ Chí Minh', N'(028) 38105182')


INSERT INTO [dbo].[Products] ([Id], [Name], [Price], [Discount], [Amount], [Details], [Date], [Image1], [Image2], [Image3], [ClassifyId], [BranchId], [ProviderId]) VALUES (N'1', N'Lốc 6 lon Tonic Evervess 330ml', CAST(42000.00 AS Decimal(18, 2)), 0, 25, N'Tonic water là hỗn hợp soda (carbonate) + quinine (một loại thuốc chuyên để chữa bệnh sốt rét). Tonic không pha có vị đắng, thường được dùng để pha với rượu.', N'2020-12-12 00:00:00', N'~/Images/1.1.jpg', N'~/Images/1.2.jpg', N'~/Images/1.3.jpg', N'1', N'1', N'1')
INSERT INTO [dbo].[Products] ([Id], [Name], [Price], [Discount], [Amount], [Details], [Date], [Image1], [Image2], [Image3], [ClassifyId], [BranchId], [ProviderId]) VALUES (N'10', N'Đông trùng hạ thảo chưng sẵn Yến Việt 65ml', CAST(47000.00 AS Decimal(18, 2)), 0, 65, N'Đông Trùng Hạ Thảo YenViet được nuôi cấy tự nhiên với nguồn giống hàng đầu Nhật Bản được chưng với đường phèn ngọt mát giúp bồi bổ sức khỏe và hỗ trợ ngăn ngừa lão hóa hiệu quả.', N'2020-12-12 00:00:00', N'~/Images/10.1.jpg', N'~/Images/10.2.jpg', N'~/Images/10.3.jpg', N'3', N'1', N'2')
INSERT INTO [dbo].[Products] ([Id], [Name], [Price], [Discount], [Amount], [Details], [Date], [Image1], [Image2], [Image3], [ClassifyId], [BranchId], [ProviderId]) VALUES (N'11', N'Thùng 48 hộp sữa tươi tiệt trùng có đường Lothamilk 180ml', CAST(336000.00 AS Decimal(18, 2)), 0, 42, N'Lothamilk áp dụng phương pháp làm sữa truyền thống của châu Âu, tuyệt đối KHÔNG dùng chất bảo quản và phụ gia kém an toàn, đạt tiêu chuẩn ISO 22000:2005.', N'2020-12-12 00:00:00', N'~/Images/11.1.jpg', N'~/Images/11.2.jpg', N'~/Images/11.3.jpg', N'4', N'1', N'3')
INSERT INTO [dbo].[Products] ([Id], [Name], [Price], [Discount], [Amount], [Details], [Date], [Image1], [Image2], [Image3], [ClassifyId], [BranchId], [ProviderId]) VALUES (N'12', N'Sữa tươi nguyên kem không đường Inex hộp 1 lít', CAST(37000.00 AS Decimal(18, 2)), 0, 66, N'Sữa tươi nguyên kem Inex được tuyển chọn từ các trang trại bò sữa tại Bỉ với khí hậu ôn hoà và ngành chăn nuôi phát triển.', N'2020-12-12 00:00:00', N'~/Images/12.1.jpg', N'~/Images/12.2.jpg', N'~/Images/12.3.jpg', N'4', N'1', N'3')
INSERT INTO [dbo].[Products] ([Id], [Name], [Price], [Discount], [Amount], [Details], [Date], [Image1], [Image2], [Image3], [ClassifyId], [BranchId], [ProviderId]) VALUES (N'13', N'Sữa tươi nguyên kem không đường Pure Milk hộp 1 lít', CAST(35000.00 AS Decimal(18, 2)), 0, 52, N'Sây chuyền sản xuất hiện đại, khép kín, điểm đặc biệt chính là sữa được khử vi trùng bằng phương pháp nấu sữa ở nhiệt độ 135°C -150°C ngay sau đó làm lạnh đột ngột ở 12,5 độ C giúp sữa được tiệt trùng, đảm bảo an toàn với sức khỏe người tiêu dùng', N'2020-12-12 00:00:00', N'~/Images/13.1.jpg', N'~/Images/13.2.jpg', N'~/Images/13.3.jpg', N'4', N'1', N'4')
INSERT INTO [dbo].[Products] ([Id], [Name], [Price], [Discount], [Amount], [Details], [Date], [Image1], [Image2], [Image3], [ClassifyId], [BranchId], [ProviderId]) VALUES (N'14', N'Lốc 4 hộp sữa tiệt trùng có đường Nestlé NutriStrong 180ml', CAST(28000.00 AS Decimal(18, 2)), 0, 44, N'Sữa tiệt trùng Nestlé với công thức độc quyền Nutristrong là thành quả nghiên cứu nhiều năm của Nestlé về thể trạng, tình trạng dinh dưỡng của trẻ em Việt Nam.', N'2020-12-12 00:00:00', N'~/Images/14.1.jpg', N'~/Images/14.2.jpg', N'~/Images/14.3.jpg', N'4', N'1', N'3')
INSERT INTO [dbo].[Products] ([Id], [Name], [Price], [Discount], [Amount], [Details], [Date], [Image1], [Image2], [Image3], [ClassifyId], [BranchId], [ProviderId]) VALUES (N'15', N'Thùng 12 hộp sữa tươi nguyên chất không đường Vinamilk 100% Organic', CAST(633000.00 AS Decimal(18, 2)), 0, 66, N'Chứa nhiều vitamin, khoáng chất không chỉ là nguồn thực phẩm mà còn là nguồn dinh dưỡng không thể thiếu. Vừa giúp xương chắc khỏe, tăng sức đề kháng vừa cung cấp năng lượng cần thiết cho cơ thể.', N'2020-12-12 00:00:00', N'~/Images/15.1.jpg', N'~/Images/15.2.jpg', N'~/Images/15.3.jpg', N'5', N'1', N'2')
INSERT INTO [dbo].[Products] ([Id], [Name], [Price], [Discount], [Amount], [Details], [Date], [Image1], [Image2], [Image3], [ClassifyId], [BranchId], [ProviderId]) VALUES (N'16', N'Lốc 6 chai sữa chua uống cam SuSu IQ 80ml', CAST(25500.00 AS Decimal(18, 2)), 0, 56, N'Sử dụng ngay sau khi mở bao bì. Ngon hơn khi dùng lạnh. Không dùng cho bé dưới 1 tuổi. Nên dùng 2-3 chai sữa mỗi ngày. Bảo quản nơi khô ráo thoáng mát.', N'2020-12-12 00:00:00', N'~/Images/16.1.jpg', N'~/Images/16.2.jpg', N'~/Images/16.3.jpg', N'5', N'1', N'3')
INSERT INTO [dbo].[Products] ([Id], [Name], [Price], [Discount], [Amount], [Details], [Date], [Image1], [Image2], [Image3], [ClassifyId], [BranchId], [ProviderId]) VALUES (N'17', N'Lốc 4 hộp sữa chua uống vị lựu YoMost 170ml', CAST(28000.00 AS Decimal(18, 2)), 0, 67, N'Lắc đều trước khi uống. Ngon hơn khi uống lạnh. Sử dụng cho 1 lần uống.', N'2020-12-12 00:00:00', N'~/Images/17.1.jpg', N'~/Images/17.2.jpg', N'~/Images/17.3.jpg', N'5', N'1', N'4')
INSERT INTO [dbo].[Products] ([Id], [Name], [Price], [Discount], [Amount], [Details], [Date], [Image1], [Image2], [Image3], [ClassifyId], [BranchId], [ProviderId]) VALUES (N'18', N'Lốc 4 chai sữa chua uống hương việt quất Vinamilk Probi 130ml', CAST(35000.00 AS Decimal(18, 2)), 0, 70, N'Thành phần:Nước, đường tinh luyện, sữa bột (3.3%), xirô fructoza, chất ổn định (405, 466), chiết xuất cà rốt tím, hương việt quất tổng hợp tự nhiên và giống tự nhiên dùng cho thực phẩm, probiotic Lactobacitius...', N'2020-12-12 00:00:00', N'~/Images/18.1.jpg', N'~/Images/18.2.jpg', N'~/Images/18.3.jpg', N'5', N'1', N'2')
INSERT INTO [dbo].[Products] ([Id], [Name], [Price], [Discount], [Amount], [Details], [Date], [Image1], [Image2], [Image3], [ClassifyId], [BranchId], [ProviderId]) VALUES (N'19', N'Sữa chua uống tổ yến Nestlé Yogu gói 85ml', CAST(5000.00 AS Decimal(18, 2)), 0, 30, N'Bảo quản nơi khô ráo, thoáng mát. Tránh ánh nắng trực tiếp. Dùng ngon hơn khi uống lạnh. Thành phần sản phẩm có thể bị lắng, nhưng chất lượng không thay đổi. Lắc đều trước khi sử dụng', N'2020-12-12 00:00:00', N'~/Images/19.1.jpg', N'~/Images/19.2.jpg', N'~/Images/19.3.jpg', N'5', N'1', N'1')
INSERT INTO [dbo].[Products] ([Id], [Name], [Price], [Discount], [Amount], [Details], [Date], [Image1], [Image2], [Image3], [ClassifyId], [BranchId], [ProviderId]) VALUES (N'2', N'6 chai nước bù khoáng Revive chanh muối 390ml', CAST(42000.00 AS Decimal(18, 2)), 0, 34, N'Lắc nhẹ trước khi uống, dùng ngay sau khi mở nắp. Ngon hơn khi uống lạnh. Bảo quản Để nơi khô ráo, thoáng mát, tránh ánh sáng trực tiếp hoặc nơi có nhiệt độ cao.', N'2020-12-12 00:00:00', N'~/Images/2.1.jpg', N'~/Images/2.2.jpg', N'~/Images/2.3.jpg', N'1', N'1', N'1')
INSERT INTO [dbo].[Products] ([Id], [Name], [Price], [Discount], [Amount], [Details], [Date], [Image1], [Image2], [Image3], [ClassifyId], [BranchId], [ProviderId]) VALUES (N'20', N'Sữa chua uống hương kem dâu LiF Kun túi 110ml', CAST(4500.00 AS Decimal(18, 2)), 0, 23, N' Sữa lên men tự nhiên (nước, sữa bò tươi, bột sữa, chất béo sữa, men Streptococcus và Lactobacillus), đường, mạch nha, chất ổn định dùng cho thực phẩm (E466, E440), hương kem dâu tổng hợp,', N'2020-12-12 00:00:00', N'~/Images/20.1.jpg', N'~/Images/20.2.jpg', N'~/Images/20.3.jpg', N'5', N'1', N'3')
INSERT INTO [dbo].[Products] ([Id], [Name], [Price], [Discount], [Amount], [Details], [Date], [Image1], [Image2], [Image3], [ClassifyId], [BranchId], [ProviderId]) VALUES (N'21', N'Kem đặc có đường Daily lon 380g', CAST(16500.00 AS Decimal(18, 2)), 0, 34, N'Thành phần: Đường kính (183.3g), nước, sữa (bột whey, bột sữa 44.5g), dầu thực vật, maltodextrin, chất ổn định (E1450, E451i, E322), hương liệu tổng hợp tự nhiên dùng cho thực phẩm, màu thực phẩm (E171)', N'2020-12-12 00:00:00', N'~/Images/21.1.jpg', N'~/Images/21.2.jpg', N'~/Images/21.3.jpg', N'6', N'1', N'3')
INSERT INTO [dbo].[Products] ([Id], [Name], [Price], [Discount], [Amount], [Details], [Date], [Image1], [Image2], [Image3], [ClassifyId], [BranchId], [ProviderId]) VALUES (N'22', N'Kem đặc có đường Nuti đỏ hộp 1,284kg', CAST(57500.00 AS Decimal(18, 2)), 0, 45, N'Thành phần: Đường tinh luyện (47%), nước, chất béo thực vật, sữa bột, whey bột, lactoza, chất ổn định và nhũ hóa (E322, E460, E401, E466). Có chứa sữa, lecithin đậu nành', N'2020-12-12 00:00:00', N'~/Images/22.1.jpg', N'~/Images/22.2.jpg', N'~/Images/22.3.jpg', N'6', N'1', N'4')
INSERT INTO [dbo].[Products] ([Id], [Name], [Price], [Discount], [Amount], [Details], [Date], [Image1], [Image2], [Image3], [ClassifyId], [BranchId], [ProviderId]) VALUES (N'23', N'Kem đặc có đường Lamosa lon 1kg', CAST(36000.00 AS Decimal(18, 2)), 0, 47, N'Thành phần:  Đường kính, nước, sữa bột, dầu thực vật (dầu cọ), chất ổn định (E145, E339(i), E407), vitamin (B1, A, D3)', N'2020-12-12 00:00:00', N'~/Images/23.1.jpg', N'~/Images/23.2.jpg', N'~/Images/23.3.jpg', N'6', N'1', N'1')
INSERT INTO [dbo].[Products] ([Id], [Name], [Price], [Discount], [Amount], [Details], [Date], [Image1], [Image2], [Image3], [ClassifyId], [BranchId], [ProviderId]) VALUES (N'24', N'Kem đặc có đường Ngôi sao Phương Nam xanh lá hộp 1,284kg', CAST(60000.00 AS Decimal(18, 2)), 0, 28, N'Thích hợp: Pha cà phê, xay sinh tố, làm sữa chua, bánh flan...', N'2020-12-12 00:00:00', N'~/Images/24.1.jpg', N'~/Images/24.2.jpg', N'~/Images/24.3.jpg', N'6', N'1', N'4')
INSERT INTO [dbo].[Products] ([Id], [Name], [Price], [Discount], [Amount], [Details], [Date], [Image1], [Image2], [Image3], [ClassifyId], [BranchId], [ProviderId]) VALUES (N'25', N'Kem đặc có đường Hoàn Hảo lon 380g', CAST(17000.00 AS Decimal(18, 2)), 0, 7, N'Có thể sử dụng cho nhiều mục đích khác nhau: Uống như một loại sữa khi khuấy với nước ấm đã đun sôi, dùng với bánh mì, làm yaourt, pha cà phê sữa, làm sinh tố,…', N'2020-12-12 00:00:00', N'~/Images/25.1.jpg', N'~/Images/25.2.jpg', N'~/Images/25.3.jpg', N'6', N'1', N'3')
INSERT INTO [dbo].[Products] ([Id], [Name], [Price], [Discount], [Amount], [Details], [Date], [Image1], [Image2], [Image3], [ClassifyId], [BranchId], [ProviderId]) VALUES (N'3', N'Nước giải khát Want Want Frozen vị yogurt cây 78ml', CAST(3200.00 AS Decimal(18, 2)), 0, 30, N'Sản phẩm sản xuất chung trên dây chuyền sản xuất các sản phẩm khác, sản phẩm có thể có chứa sữa', N'2020-12-12 00:00:00', N'~/Images/3.1.jpg', N'~/Images/3.2.jpg', N'~/Images/3.3.jpg', N'1', N'1', N'1')
INSERT INTO [dbo].[Products] ([Id], [Name], [Price], [Discount], [Amount], [Details], [Date], [Image1], [Image2], [Image3], [ClassifyId], [BranchId], [ProviderId]) VALUES (N'4', N'Nước tăng lực Monster Energy 355ml', CAST(250000.00 AS Decimal(18, 2)), 0, 44, N'Nước tăng lực Monster Energy chứa Taurine và Nhân sâm, cung cấp cho cơ thể một lượng sinh lực dồi dào và minh mẫn trong suốt thời gian còn lại trong ngày, rất lí tưởng với những công việc đòi hỏi tập trung cao hay phải di chuyển nhiều.', N'2020-12-12 00:00:00', N'~/Images/4.1.jpg', N'~/Images/4.2.jpg', N'~/Images/4.3.jpg', N'1', N'1', N'2')
INSERT INTO [dbo].[Products] ([Id], [Name], [Price], [Discount], [Amount], [Details], [Date], [Image1], [Image2], [Image3], [ClassifyId], [BranchId], [ProviderId]) VALUES (N'5', N'Cà phê Cappuccino NesCafé vị caramel 200g', CAST(40000.00 AS Decimal(18, 2)), 0, 30, N'UỐNG NÓNG Hoà 1 gói cafe với 100ml nước nóng, khuấy đều và thưởng thức.UỐNG LẠNH Hoà 1 gói cà phê với 50ml nước nóng. Thêm đá, khuấy đều và thưởng thức', N'2020-12-12 00:00:00', N'~/Images/5.1.jpg', N'~/Images/5.2.jpg', N'~/Images/5.3.jpg', N'2', N'1', N'1')
INSERT INTO [dbo].[Products] ([Id], [Name], [Price], [Discount], [Amount], [Details], [Date], [Image1], [Image2], [Image3], [ClassifyId], [BranchId], [ProviderId]) VALUES (N'6', N'Trà đen Lipton nhãn vàng 50g', CAST(30000.00 AS Decimal(18, 2)), 0, 50, N'Trà túi lọc Lipton nhãn vàng được chế biến từ 100% từ búp trà đen, mang đến một sản phẩm có vị đậm đà của trà truyền thống và giữ nguyên được những thành phần tốt cho sức khỏe.', N'2020-12-12 00:00:00', N'~/Images/6.1.jpg', N'~/Images/6.2.jpg', N'~/Images/6.3.jpg', N'2', N'1', N'1')
INSERT INTO [dbo].[Products] ([Id], [Name], [Price], [Discount], [Amount], [Details], [Date], [Image1], [Image2], [Image3], [ClassifyId], [BranchId], [ProviderId]) VALUES (N'7', N'Trà bí đao Fuze Tea la hán quả 330ml', CAST(8000.00 AS Decimal(18, 2)), 0, 60, N'Để nơi khô ráo, thoáng mát, tránh ánh sáng trực tiếp hoặc nơi có nhiệt độ cao.', N'2020-12-12 00:00:00', N'~/Images/7.1.jpg', N'~/Images/7.2.jpg', N'~/Images/7.3.jpg', N'2', N'1', N'2')
INSERT INTO [dbo].[Products] ([Id], [Name], [Price], [Discount], [Amount], [Details], [Date], [Image1], [Image2], [Image3], [ClassifyId], [BranchId], [ProviderId]) VALUES (N'8', N'Thùng 48 chai nước yến sào đông trùng hạ thảo Green Bird 185ml', CAST(1320000.00 AS Decimal(18, 2)), 0, 44, N'Nam gi?i, ngu?i làm vi?c, ngu?i choi th? thao m?i ngày c?n du?c b? sung dinh du?ng và tang cu?ng hô h?p. Y?n sào và dông trùng h? th?o là s? k?t h?p d?c dáo giúp co th? duy trì s?c kho? m?i ngày', N'2020-12-12 00:00:00', N'~/Images/8.1.jpg', N'~/Images/8.2.jpg', N'~/Images/8.3.jpg', N'3', N'1', N'1')
INSERT INTO [dbo].[Products] ([Id], [Name], [Price], [Discount], [Amount], [Details], [Date], [Image1], [Image2], [Image3], [ClassifyId], [BranchId], [ProviderId]) VALUES (N'9', N'Hộp 6 hũ nước yến hoa cúc Song Yến 70ml', CAST(361000.00 AS Decimal(18, 2)), 0, 55, N'Sự hòa quyện hoàn hảo giữa các nguyên liệu hoàn toàn tự nhiên, mang đến hương vị ngọt thanh, thơm dịu cho người thưởng thức', N'2020-12-12 00:00:00', N'~/Images/9.1.jpg', N'~/Images/9.2.jpg', N'~/Images/9.3.jpg', N'3', N'1', N'2')
